{"learner":{"attributes":{},"feature_names":["distance_travel_miles","sin_time","cos_time"],"feature_types":["float","float","float"],"gradient_booster":{"model":{"gbtree_model_param":{"num_parallel_tree":"1","num_trees":"10"},"iteration_indptr":[0,1,2,3,4,5,6,7,8,9,10],"tree_info":[0,0,0,0,0,0,0,0,0,0],"trees":[{"base_weights":[1.3222666E-1,-4.77043E-1,3.696678E-1,-2.360878E-1,-3.582823E0,1.3968819E0,1.4558738E-1,1.9195355E-2,-7.733843E-2,-2.0761243E-1,-3.7071446E-1,2.3468761E-1,9.569972E-2,-1.5921713E-1,3.3082988E-2],"categories":[],"categories_nodes":[],"categories_segments":[],"categories_sizes":[],"default_left":[0,0,0,0,0,0,0,0,0,0,0,0,0,0,0],"id":0,"left_children":[1,3,5,7,9,11,13,-1,-1,-1,-1,-1,-1,-1,-1],"loss_changes":[2.584046E2,3.740794E2,2.955761E2,1.4180501E2,2.008905E1,8.42186E1,5.0326172E2,0E0,0E0,0E0,0E0,0E0,0E0,0E0,0E0],"parents":[2147483647,0,0,1,1,2,2,3,3,4,4,5,5,6,6],"right_children":[2,4,6,8,10,12,14,-1,-1,-1,-1,-1,-1,-1,-1],"split_conditions":[1.3318376E-1,1.06335014E-1,2.422898E-1,2.5800912E-2,1.2469092E-1,1.5348983E-1,2.9483166E-1,1.9195355E-2,-7.733843E-2,-2.0761243E-1,-3.7071446E-1,2.3468761E-1,9.569972E-2,-1.5921713E-1,3.3082988E-2],"split_indices":[0,0,0,0,0,0,0,0,0,0,0,0,0,0,0],"split_type":[0,0,0,0,0,0,0,0,0,0,0,0,0,0,0],"sum_hessian":[1.784E3,5E2,1.284E3,4.65E2,3.5E1,2.29E2,1.055E3,2.75E2,1.9E2,1.5E1,2E1,3.9E1,1.9E2,1.12E2,9.43E2],"tree_param":{"num_deleted":"0","num_feature":"3","num_nodes":"15","size_leaf_vector":"1"}},{"base_weights":[-5.3632822E-2,-8.972536E-1,6.672255E-1,-8.632562E-2,-1.1478846E0,8.4799904E-1,3.482795E-1,-1.7426968E-2,1.8618116E-1,-3.0566135E-1,-9.145532E-2,5.775015E-2,2.0837793E-1,1.9904228E-2,2.0147729E-1],"categories":[],"categories_nodes":[],"categories_segments":[],"categories_sizes":[],"default_left":[0,0,0,0,0,0,0,0,0,0,0,0,0,0,0],"id":1,"left_children":[1,3,5,7,9,11,13,-1,-1,-1,-1,-1,-1,-1,-1],"loss_changes":[1.1232086E3,1.7286127E2,5.7131012E1,5.314575E1,1.3021698E2,1.7540125E2,8.3901985E1,0E0,0E0,0E0,0E0,0E0,0E0,0E0,0E0],"parents":[2147483647,0,0,1,1,2,2,3,3,4,4,5,5,6,6],"right_children":[2,4,6,8,10,12,14,-1,-1,-1,-1,-1,-1,-1,-1],"split_conditions":[-9.496991E-1,-9.9965733E-1,-7.7162457E-1,-9.99762E-1,-9.9939084E-1,-7.986355E-1,-6.156615E-1,-1.7426968E-2,1.8618116E-1,-3.0566135E-1,-9.145532E-2,5.775015E-2,2.0837793E-1,1.9904228E-2,2.0147729E-1],"split_indices":[2,2,2,2,2,2,2,0,0,0,0,0,0,0,0],"split_type":[0,0,0,0,0,0,0,0,0,0,0,0,0,0,0],"sum_hessian":[1.845E3,8.5E2,9.95E2,2.01E2,6.49E2,6.34E2,3.61E2,1.92E2,9E0,2.1E1,6.28E2,5.71E2,6.3E1,3.42E2,1.9E1],"tree_param":{"num_deleted":"0","num_feature":"3","num_nodes":"15","size_leaf_vector":"1"}},{"base_weights":[2.0061838E-2,-1.4053242E-1,3.719125E-1,-7.062519E-2,-5.157362E0,3.0329332E0,1.6339107E-1,1.8876981E-2,-4.3278445E-2,-2.8892824E-1,-5.4994285E-1,1.3274302E-1,2.793939E-1,-1.1363093E-1,2.5987659E-2],"categories":[],"categories_nodes":[],"categories_segments":[],"categories_sizes":[],"default_left":[0,0,0,0,0,0,0,0,0,0,0,0,0,0,0],"id":2,"left_children":[1,3,5,7,9,11,13,-1,-1,-1,-1,-1,-1,-1,-1],"loss_changes":[1.01874626E2,4.3381802E2,3.1301157E2,1.531044E2,1.6223969E1,7.9389343E0,1.08150604E2,0E0,0E0,0E0,0E0,0E0,0E0,0E0,0E0],"parents":[2147483647,0,0,1,1,2,2,3,3,4,4,5,5,6,6],"right_children":[2,4,6,8,10,12,14,-1,-1,-1,-1,-1,-1,-1,-1],"split_conditions":[5.3447443E-1,5.304054E-1,5.49702E-1,2.5603124E-1,5.3444475E-1,5.3803676E-1,5.7348776E-1,1.8876981E-2,-4.3278445E-2,-2.8892824E-1,-5.4994285E-1,1.3274302E-1,2.793939E-1,-1.1363093E-1,2.5987659E-2],"split_indices":[0,0,0,0,0,0,0,0,0,0,0,0,0,0,0],"split_type":[0,0,0,0,0,0,0,0,0,0,0,0,0,0,0],"sum_hessian":[1.801E3,1.237E3,5.64E2,1.221E3,1.6E1,4E1,5.24E2,7.31E2,4.9E2,8E0,8E0,6E0,3.4E1,4.4E1,4.8E2],"tree_param":{"num_deleted":"0","num_feature":"3","num_nodes":"15","size_leaf_vector":"1"}},{"base_weights":[6.44705E-2,-5.39822E-1,7.427259E-1,-1.6876622E-1,-1.2466722E0,1.3290739E0,4.5284903E-1,-4.4597408E-1,-6.879357E-3,-1.8269856E-1,-8.2610354E-2,6.999034E-2,1.733927E-1,3.192988E-2,1.931622E-1],"categories":[],"categories_nodes":[],"categories_segments":[],"categories_sizes":[],"default_left":[0,0,0,0,0,0,0,0,0,0,0,0,0,0,0],"id":3,"left_children":[1,3,5,7,9,11,13,-1,-1,-1,-1,-1,-1,-1,-1],"loss_changes":[7.4553485E2,2.5210379E2,1.4506131E2,2.8101495E2,8.1180725E1,9.8376434E1,8.363521E1,0E0,0E0,0E0,0E0,0E0,0E0,0E0,0E0],"parents":[2147483647,0,0,1,1,2,2,3,3,4,4,5,5,6,6],"right_children":[2,4,6,8,10,12,14,-1,-1,-1,-1,-1,-1,-1,-1],"split_conditions":[3.2556817E-1,-4.363309E-3,5.3729963E-1,-4.1071886E-1,8.2808204E-2,4.5009845E-1,7.880108E-1,-4.4597408E-1,-6.879357E-3,-1.8269856E-1,-8.2610354E-2,6.999034E-2,1.733927E-1,3.192988E-2,1.931622E-1],"split_indices":[1,1,1,1,1,1,1,0,0,0,0,0,0,0,0],"split_type":[0,0,0,0,0,0,0,0,0,0,0,0,0,0,0],"sum_hessian":[1.817E3,9.61E2,8.56E2,6.31E2,3.3E2,2.82E2,5.74E2,1E1,6.21E2,8E1,2.5E2,1.62E2,1.2E2,5.5E2,2.4E1],"tree_param":{"num_deleted":"0","num_feature":"3","num_nodes":"15","size_leaf_vector":"1"}},{"base_weights":[-1.8143687E-2,-2.295497E-1,4.455696E-1,-1.5907145E-1,-3.573525E-1,1.2606604E0,-3.1577125E-1,-1.810778E-2,1.628606E-1,2.6354706E-1,8.027479E-2,-2.3849128E-1,2.33159E-2],"categories":[],"categories_nodes":[],"categories_segments":[],"categories_sizes":[],"default_left":[0,0,0,0,0,0,0,0,0,0,0,0,0],"id":4,"left_children":[1,3,5,7,-1,9,11,-1,-1,-1,-1,-1,-1],"loss_changes":[1.78128E2,3.4415994E2,3.5349783E2,1.292343E2,0E0,1.5971378E2,4.253244E2,0E0,0E0,0E0,0E0,0E0,0E0],"parents":[2147483647,0,0,1,1,2,2,3,3,5,5,6,6],"right_children":[2,4,6,8,-1,10,12,-1,-1,-1,-1,-1,-1],"split_conditions":[5.3447443E-1,5.323711E-1,7.384346E-1,5.09997E-1,-3.573525E-1,5.49702E-1,7.8923315E-1,-1.810778E-2,1.628606E-1,2.6354706E-1,8.027479E-2,-2.3849128E-1,2.33159E-2],"split_indices":[0,0,0,0,0,0,0,0,0,0,0,0,0],"split_type":[0,0,0,0,0,0,0,0,0,0,0,0,0],"sum_hessian":[1.815E3,1.247E3,5.68E2,1.226E3,2.1E1,2.74E2,2.94E2,1.197E3,2.9E1,4.1E1,2.33E2,5.6E1,2.38E2],"tree_param":{"num_deleted":"0","num_feature":"3","num_nodes":"13","size_leaf_vector":"1"}},{"base_weights":[-3.722364E-2,-2.3399933E-1,4.1633138E-1,-1.7849907E-1,-3.479996E-1,2.3802683E-1,2.299087E-1,-2.0023578E-1,-1.1864443E-2,3.796549E-2,-5.9201088E-2],"categories":[],"categories_nodes":[],"categories_segments":[],"categories_sizes":[],"default_left":[0,0,0,0,0,0,0,0,0,0,0],"id":5,"left_children":[1,3,5,7,-1,-1,9,-1,-1,-1,-1],"loss_changes":[1.607449E2,2.6467688E2,2.3790569E2,1.0798813E2,0E0,0E0,9.824063E1,0E0,0E0,0E0,0E0],"parents":[2147483647,0,0,1,1,2,2,3,3,6,6],"right_children":[2,4,6,8,-1,-1,10,-1,-1,-1,-1],"split_conditions":[5.3447443E-1,5.304054E-1,5.49702E-1,3.6920938E-3,-3.479996E-1,2.3802683E-1,9.4753873E-1,-2.0023578E-1,-1.1864443E-2,3.796549E-2,-5.9201088E-2],"split_indices":[0,0,0,0,0,0,0,0,0,0,0],"split_type":[0,0,0,0,0,0,0,0,0,0,0],"sum_hessian":[1.799E3,1.255E3,5.44E2,1.238E3,1.7E1,3.9E1,5.05E2,2.2E1,1.216E3,4.11E2,9.4E1],"tree_param":{"num_deleted":"0","num_feature":"3","num_nodes":"11","size_leaf_vector":"1"}},{"base_weights":[-4.715991E-2,-7.158187E-1,7.6010084E-1,-2.9163244E-1,-1.5567908E0,1.1127802E0,2.7344987E-1,-2.862352E-1,-1.6341124E-2,-2.0522258E-1,-1.1690181E-1,3.001652E-2,1.1367236E-1,-1.80248E-1,3.0908868E-2],"categories":[],"categories_nodes":[],"categories_segments":[],"categories_sizes":[],"default_left":[0,0,0,0,0,0,0,0,0,0,0,0,0,0,0],"id":6,"left_children":[1,3,5,7,9,11,13,-1,-1,-1,-1,-1,-1,-1,-1],"loss_changes":[9.6027655E2,3.466431E2,1.3803091E2,1.995326E2,5.0439697E1,7.3514404E1,6.954173E1,0E0,0E0,0E0,0E0,0E0,0E0,0E0,0E0],"parents":[2147483647,0,0,1,1,2,2,3,3,4,4,5,5,6,6],"right_children":[2,4,6,8,10,12,14,-1,-1,-1,-1,-1,-1,-1,-1],"split_conditions":[3.1316382E-1,1.3089595E-2,6.3607824E-1,-3.9474386E-1,6.5403126E-2,3.9874908E-1,6.39439E-1,-2.862352E-1,-1.6341124E-2,-2.0522258E-1,-1.1690181E-1,3.001652E-2,1.1367236E-1,-1.80248E-1,3.0908868E-2],"split_indices":[1,1,1,1,1,1,1,0,0,0,0,0,0,0,0],"split_type":[0,0,0,0,0,0,0,0,0,0,0,0,0,0,0],