{"learner":{"attributes":{},"feature_names":["vehicle_id","destination","platform_name","current_location_hex","destination_location_hex","distance_travel_miles","sin_time","cos_time"],"feature_types":["int","int","int","int","int","float","float","float"],"gradient_booster":{"model":{"gbtree_model_param":{"num_parallel_tree":"1","num_trees":"10"},"iteration_indptr":[0,1,2,3,4,5,6,7,8,9,10],"tree_info":[0,0,0,0,0,0,0,0,0,0],"trees":[{"base_weights":[5.5586305E-2,-3.2653555E-1,8.7463534E-1,1.7154537E-2,-8.159967E-1,1.6631216E0,-1.11818135E-1,-1.964445E-1,4.2375666E-3,-3.5967328E-2,-1.9573359E-1,1.4336778E-1,5.138819E-1,3.1206993E-2,-2.223921E-1],"categories":[],"categories_nodes":[],"categories_segments":[],"categories_sizes":[],"default_left":[0,0,0,0,0,0,0,0,0,0,0,0,0,0,0],"id":0,"left_children":[1,3,5,7,9,11,13,-1,-1,-1,-1,-1,-1,-1,-1],"loss_changes":[7.3984924E2,2.711894E2,5.850954E2,4.8487736E1,3.481828E2,3.1286218E2,3.0496304E2,0E0,0E0,0E0,0E0,0E0,0E0,0E0,0E0],"parents":[2147483647,0,0,1,1,2,2,3,3,4,4,5,5,6,6],"right_children":[2,4,6,8,10,12,14,-1,-1,-1,-1,-1,-1,-1,-1],"split_conditions":[-9.4551855E-1,-9.9991435E-1,1.2E1,-9.9998885E-1,1.3E1,1.6E1,1.6E1,-1.964445E-1,4.2375666E-3,-3.5967328E-2,-1.9573359E-1,1.4336778E-1,5.138819E-1,3.1206993E-2,-2.223921E-1],"split_indices":[7,7,4,7,4,0,1,0,0,0,0,0,0,0,0],"split_type":[0,0,0,0,0,0,0,0,0,0,0,0,0,0,0],"sum_hessian":[2.362E3,1.611E3,7.51E2,9.47E2,6.64E2,4.17E2,3.34E2,1.1E1,9.36E2,4.78E2,1.86E2,3.94E2,2.3E1,2.79E2,5.5E1],"tree_param":{"num_deleted":"0","num_feature":"8","num_nodes":"15","size_leaf_vector":"1"}},{"base_weights":[-5.9177903E-3,-2.0482621E0,1.2533273E0,-3.6424093E-2,-4.004138E0,3.9905403E-2,1.8934284E0,2.1910202E-3,-3.762338E-1,-4.6374717E-1,-1.5394378E-1,2.1916192E-3,1.543825E-1,2.2934067E-1,-7.368695E-2],"categories":[],"categories_nodes":[],"categories_segments":[],"categories_sizes":[],"default_left":[0,0,0,0,0,0,0,0,0,0,0,0,0,0,0],"id":1,"left_children":[1,3,5,7,9,11,13,-1,-1,-1,-1,-1,-1,-1,-1],"loss_changes":[6.223781E3,3.631772E3,1.1626636E3,1.0030224E2,7.6244727E2,1.3956993E1,1.0827502E3,0E0,0E0,0E0,0E0,0E0,0E0,0E0,0E0],"parents":[2147483647,0,0,1,1,2,2,3,3,4,4,5,5,6,6],"right_children":[2,4,6,8,10,12,14,-1,-1,-1,-1,-1,-1,-1,-1],"split_conditions":[2E0,-9.999619E-1,-9.999619E-1,-4.363309E-3,6.6262007E-1,-4.363309E-3,1.6E1,2.1910202E-3,-3.762338E-1,-4.6374717E-1,-1.5394378E-1,2.1916192E-3,1.543825E-1,2.2934067E-1,-7.368695E-2],"split_indices":[2,7,7,6,6,6,4,0,0,0,0,0,0,0,0],"split_type":[0,0,0,0,0,0,0,0,0,0,0,0,0,0,0],"sum_hessian":[2.418E3,9.22E2,1.496E3,4.55E2,4.67E2,5.17E2,9.79E2,4.49E2,6E0,3.66E2,1.01E2,5.12E2,5E0,8.45E2,1.34E2],"tree_param":{"num_deleted":"0","num_feature":"8","num_nodes":"15","size_leaf_vector":"1"}},{"base_weights":[2.772801E-2,-1.8644401E0,1.1407496E0,-4.4101503E-2,-3.6357021E0,3.2982603E-2,1.741422E0,1.9739198E-3,-3.4349203E-1,-2.9906183E-1,-5.182314E-1,1.9747051E-3,1.1558484E-1,2.1762961E-1,-7.99832E-2],"categories":[],"categories_nodes":[],"categories_segments":[],"categories_sizes":[],"default_left":[0,0,0,0,0,0,0,0,0,0,0,0,0,0,0],"id":2,"left_children":[1,3,5,7,9,11,13,-1,-1,-1,-1,-1,-1,-1,-1],"loss_changes":[5.003933E3,2.837221E3,9.953887E2,9.523831E1,4.2417188E2,7.7790084E0,1.119742E3,0E0,0E0,0E0,0E0,0E0,0E0,0E0,0E0],"parents":[2147483647,0,0,1,1,2,2,3,3,4,4,5,5,6,6],"right_children":[2,4,6,8,10,12,14,-1,-1,-1,-1,-1,-1,-1,-1],"split_conditions":[2E0,-9.999619E-1,-9.999619E-1,-4.363309E-3,1.2E1,-4.363309E-3,1.6E1,1.9739198E-3,-3.4349203E-1,-2.9906183E-1,-5.182314E-1,1.9747051E-3,1.1558484E-1,2.1762961E-1,-7.99832E-2],"split_indices":[2,7,7,6,4,6,4,0,0,0,0,0,0,0,0],"split_type":[0,0,0,0,0,0,0,0,0,0,0,0,0,0,0],"sum_hessian":[2.374E3,8.79E2,1.495E3,4.34E2,4.45E2,5.26E2,9.69E2,4.27E2,7E0,3.22E2,1.23E2,5.21E2,5E0,8.23E2,1.46E2],"tree_param":{"num_deleted":"0","num_feature":"8","num_nodes":"15","size_leaf_vector":"1"}},{"base_weights":[-7.216329E-2,-1.6620712E0,9.6459097E-1,-5.760468E-1,-3.424867E0,3.2062337E-1,1.6671456E0,-2.834175E-1,1.1351606E-3,-4.287428E-1,-1.0350663E-1,9.665713E-2,1.9006351E-3,2.0806003E-1,-9.634042E-2],"categories":[],"categories_nodes":[],"categories_segments":[],"categories_sizes":[],"default_left":[0,0,0,0,0,0,0,0,0,0,0,0,0,0,0],"id":3,"left_children":[1,3,5,7,9,11,13,-1,-1,-1,-1,-1,-1,-1,-1],"loss_changes":[3.913123E3,1.7918564E3,6.4959644E2,7.785891E2,7.5816406E2,1.4798485E2,7.817811E2,0E0,0E0,0E0,0E0,0E0,0E0,0E0,0E0],"parents":[2147483647,0,0,1,1,2,2,3,3,4,4,5,5,6,6],"right_children":[2,4,6,8,10,12,14,-1,-1,-1,-1,-1,-1,-1,-1],"split_conditions":[2E0,-4.363309E-3,-4.363309E-3,-1.3089595E-2,6.56059E-1,-8.726535E-3,6.8E1,-2.834175E-1,1.1351606E-3,-4.287428E-1,-1.0350663E-1,9.665713E-2,1.9006351E-3,2.0806003E-1,-9.634042E-2],"split_indices":[2,6,6,6,6,6,3,0,0,0,0,0,0,0,0],"split_type":[0,0,0,0,0,0,0,0,0,0,0,0,0,0,0],"sum_hessian":[2.372E3,9.36E2,1.436E3,5.8E2,3.56E2,7.5E2,6.86E2,1.18E2,4.62E2,2.58E2,9.8E1,2.36E2,5.14E2,5.9E2,9.6E1],"tree_param":{"num_deleted":"0","num_feature":"8","num_nodes":"15","size_leaf_vector":"1"}},{"base_weights":[-3.2590587E-2,-1.4630071E0,8.6802787E-1,-3.1221384E-2,-2.8572927E0,2.5461515E-2,1.3277467E0,1.6663398E-3,-2.6530078E-1,-3.3804438E-1,-1.0287949E-1,1.6961298E-3,1.06850505E-1,1.8278742E-1,8.58449E-3],"categories":[],"categories_nodes":[],"categories_segments":[],"categories_sizes":[],"default_left":[0,0,0,0,0,0,0,0,0,0,0,0,0,0,0],"id":4,"left_children":[1,3,5,7,9,11,13,-1,-1,-1,-1,-1,-1,-1,-1],"loss_changes":[3.0209502E3,1.8085751E3,5.5735364E2,5.6905365E1,4.562793E2,4.4585624E0,5.947717E2,0E0,0E0,0E0,0E0,0E0,0E0,0E0,0E0],"parents":[2147483647,0,0,1,1,2,2,3,3,4,4,5,5,6,6],"right_children":[2,4,6,8,10,12,14,-1,-1,-1,-1,-1,-1,-1,-1],"split_conditions":[2E0,-9.999619E-1,-9.9991435E-1,-4.363309E-3,6.39439E-1,-4.363309E-3,5E0,1.6663398E-3,-2.6530078E-1,-3.3804438E-1,-1.0287949E-1,1.6961298E-3,1.06850505E-1,1.8278742E-1,8.58449E-3],"split_indices":[2,7,7,6,6,6,2,0,0,0,0,0,0,0,0],"split_type":[0,0,0,0,0,0,0,0,0,0,0,0,0,0,0],"sum_hessian":[2.343E3,9.05E2,1.438E3,4.47E2,4.58E2,5.08E2,9.3E2,4.4E2,7E0,3.51E2,1.07E2,5.05E2,3E0,6.57E2,2.73E2],"tree_param":{"num_deleted":"0","num_feature":"8","num_nodes":"15","size_leaf_vector":"1"}},{"base_weights":[-1.91401E-2,-1.3385473E0,7.645207E-1,-3.711012E-2,-2.6879888E0,1.4341047E0,2.1230549E-1,1.3518595E-3,-1.8750738E-1,-2.0068654E-1,-4.3316752E-1,1.3083918E-2,2.0740618E-1,8.479518E-2,-3.4535363E-2],"categories":[],"categories_nodes":[],"categories_segments":[],"categories_sizes":[],"default_left":[0,0,0,0,0,0,0,0,0,0,0,0,0,0,0],"id":5,"left_children":[1,3,5,7,9,11,13,-1,-1,-1,-1,-1,-1,-1,-1],"loss_changes":[2.447391E3,1.5488802E3,5.487809E2,4.233449E1,4.744756E2,5.734949E2,2.9375104E2,0E0,0E0,0E0,0E0,0E0,0E0,0E0,0E0],"parents":[2147483647,0,0,1,1,2,2,3,3,4,4,5,5,6,6],"right_children":[2,4,6,8,10,12,14,-1,-1,-1,-1,-1,-1,-1,-1],"split_conditions":[2E0,-9.998477E-1,1.1E1,-4.363309E-3,5.2E1,-9.988484E-1,5E0,1.3518595E-3,-1.8750738E-1,-2.0068654E-1,-4.3316752E-1,1.3083918E-2,2.0740618E-1,8.479518E-2,-3.4535363E-2],"split_indices":[2,7,4,6,3,7,2,0,0,0,0,0,0,0,0],"split_type":[0,0,0,0,0,0,0,0,0,0,0,0,0,0,0],"sum_hessian":[2.365E3,8.81E2,1.484E3,4.49E2,4.32E2,6.7E2,8.14E2,4.38E2,1.1E1,3.11E2,1.21E2,2.25E2,4.45E2,3.79E2,4.35E2],"tree_param":{"num_deleted":"0","num_feature":"8","num_nodes":"15","size_leaf_vector":"1"}},{"base_weights":[-3.9882623E-2,-1.2650343E0,6.847768E-1,-2.2447474E-2,-2.4878018E0,1.3870676E0,1.258668E-1,-2.588519E-1,1.3675275E-3,-1.8788274E-1,-4.0595913E-1,5.0358907E-3,2.0617612E-1,7.472377E-2,-3.5590764E-2],"categories":[],"categories_nodes":[],"categories_segments":[],"categories_sizes":[],"default_left":[0,0,0,0,0,0,0,0,0,0,0,0,0,0,0],"id":6,"left_children":[1,3,5,7,9,11,13,-1,-1,-1,-1,-1,-1,-1,-1],"loss_changes":[2.0854622E3,1.3263759E3,5.7918097E2,4.0715157E1,4.114878E2,6.040399E2,2.5050769E2,0E0,0E0,0E0,0E0,0E0,0E0,0E0,0E0],"parents":[2147483647,0,0,1,1,2,2,3,3,4,4,5,5,6,6],"right_children":[2,4,6,8,10,12,14,-1,-1,-1,-1,-1,-1,-1,-1],